Building Name,Room,Registrar Code,Floor,Area,Capacity,Room Type,Controlled by Registrar,Used,"Media
Control",Players,Inputs,VDC,Voice Amplification,Projector,"Screen
Type",Screen Width,Video Display,Zoom Capable,Podcasting,iclicker,Close Caption Decoder/ Assisted Listening Devices (By Request),Network
Applied Physics and Mathematics,2301,APM 2301,2,564,39,Classroom,Yes,Yes,Touchscreen,"VHS/DVD/CD combo deck
","VGA with audio
HDMI
iPod/MP3
",Yes,None,High Definition,Electric,8',N/A,"Zoom Capable Room
Camera and Microphone
","Audio (ceiling mic)
Screen
Tracking camera
",Yes,Yes,"Ethernet
Wireless
"
Catalyst,CT0125,CTL 0125,01,3608,348,Lecture Hall,Yes,Yes,Touchscreen with Annotation,"Blu-Ray Disc player, separate
VHS Player available upon request
","HDMI
USB C
iPod/MP3
Wireless Video
",Yes,"Wireless
",High Definition,Electric,"14' 7""",N/A,"Zoom Capable Room
Camera and Microphone
","Audio (lapel or over-the-ear mic)
Screen
Tracking camera
",Yes,Yes,"Ethernet
Wireless
"
Center Hall,101,CENTR 101,1,3428,295,Lecture Hall,Yes,Yes,Touchscreen,"VHS/DVD/CD combo deck
Blu-Ray Disc player, separate
","VGA with audio
HDMI
iPod/MP3
",Yes,Wired (,High Definition,Electric,16',N/A,"Zoom Capable Room
Camera and Microphone
","Audio (lapel or over-the-ear mic)
Screen
Tracking camera
",Yes,Yes,"Ethernet
Wireless
"
Center Hall,105,CENTR 105,1,1622,146,Lecture Hall,Yes,Yes,Touchscreen,"VHS/DVD/CD combo deck
","VGA with audio
HDMI
iPod/MP3
",Yes,Wired (,High Definition,Electric,14',N/A,"Zoom Capable Room
Camera and Microphone
","Audio (lapel or over-the-ear mic)
Screen
Tracking camera
",Yes,Yes,"Ethernet
Wireless
"
Center Hall,109,CENTR 109,1,1644,147,Lecture Hall,Yes,Yes,Touchscreen,"VHS/DVD/CD combo deck
Blu-Ray Disc player, separate
","VGA with audio
HDMI
iPod/MP3
",Yes,Wired (,High Definition,Electric,14',N/A,"Zoom Capable Room
Camera and Microphone
","Audio (lapel or over-the-ear mic)
Screen
Tracking camera
",Yes,Yes,"Ethernet
Wireless
"
Center Hall,113,CENTR 113,1,1619,146,Lecture Hall,Yes,Yes,Touchscreen,"VHS/DVD/CD combo deck
","VGA with audio
HDMI
iPod/MP3
",Yes,Wired (,High Definition,Electric,14',N/A,"Zoom Capable Room
Camera and Microphone
","Audio (lapel or over-the-ear mic)
Screen
Tracking camera
",Yes,Yes,"Ethernet
Wireless
"
Center Hall,115,CENTR 115,1,2143,196,Lecture Hall,Yes,Yes,Touchscreen,"VHS/DVD/CD combo deck
Blu-Ray Disc player, separate
","VGA with audio
HDMI
iPod/MP3
",Yes,Wired (,High Definition,Electric,14',N/A,"Zoom Capable Room
Camera and Microphone
","Audio (lapel or over-the-ear mic)
Screen
Tracking camera
",Yes,Yes,"Ethernet
Wireless
"
Center Hall,119,CENTR 119,1,2144,196,Lecture Hall,Yes,Yes,Touchscreen,"VHS/DVD/CD combo deck
Blu-Ray Disc player, separate
","VGA with audio
HDMI
iPod/MP3
",Yes,Wired (,High Definition,Electric,16',N/A,"Zoom Capable Room
Camera and Microphone
","Audio (lapel or over-the-ear mic)
Screen
Tracking camera
",Yes,Yes,"Ethernet
Wireless
"
Center Hall,201,CENTR 201,2,454,30,Classroom,Yes,Yes,Touchscreen,"VHS/DVD/CD combo deck
","VGA with audio
HDMI
iPod/MP3
",Yes,None,High Definition,Electric,"7' 10""",N/A,"Zoom Capable Room
Camera and Microphone
","Audio (ceiling mic)
Screen
Tracking camera
",Yes,Yes,"Ethernet
Wireless
"
Center Hall,202,CENTR 202,2,255,15,Classroom,Yes,Yes,Touchscreen,"VHS/DVD/CD combo deck
","HDMI
USB C
iPod/MP3
",Yes,None,High Definition,Electric,"6' 8""",N/A,"Zoom Capable Room
Camera and Microphone
","Audio (ceiling mic)
Screen
Tracking camera
",Yes,Yes,"Ethernet
Wireless
"
Center Hall,203,CENTR 203,2,409,32,Classroom,Yes,Yes,Touchscreen,"VHS/DVD/CD combo deck
","HDMI
USB C
iPod/MP3
",Yes,None,High Definition,Electric,"7' 10""",N/A,"Zoom Capable Room
Camera and Microphone
","Audio (ceiling mic)
Screen
Tracking camera
",Yes,Yes,"Ethernet
Wireless
"
Center Hall,204,CENTR 204,2,316,16,Classroom,Yes,Yes,Touchscreen,"VHS/DVD/CD combo deck
","HDMI
USB C
iPod/MP3
",Yes,None,High Definition,Electric,"7' 10""",N/A,"Zoom Capable Room
","Audio (ceiling mic)
Screen
Tracking camera
",Yes,Yes,"Ethernet
Wireless
"
Center Hall,205,CENTR 205,2,500,30,Classroom,Yes,Yes,Touchscreen,"VHS/DVD/CD combo deck
","HDMI
USB C
iPod/MP3
",Yes,None,High Definition,Electric,"7' 10""",N/A,"Zoom Capable Room
Camera and Microphone
","Audio (ceiling mic)
Screen
Tracking camera
",Yes,Yes,"Ethernet
Wireless
"
Center Hall,206,CENTR 206,2,316,16,Classroom,Yes,Yes,Pushbutton,"VHS/DVD/CD combo deck
","HDMI
USB C
iPod/MP3
",No,None,Widescreen,Manual,"7' 10""",N/A,"Zoom Capable Room
Camera and Microphone
","Audio (ceiling mic)
Screen
Tracking camera
",Yes,Yes,"Ethernet
Wireless
"
Center Hall,207,CENTR 207,2,415,32,Classroom,Yes,Yes,Touchscreen,"VHS/DVD/CD combo deck
","HDMI
USB C
iPod/MP3
",Yes,None,High Definition,Electric,"7' 10""",N/A,"Zoom Capable Room
Camera and Microphone
","Audio (ceiling mic)
Screen
Tracking camera
",Yes,Yes,"Ethernet
Wireless
"
Center Hall,208,CENTR 208,2,257,15,Classroom,Yes,Yes,Pushbutton,"VHS/DVD/CD combo deck
","HDMI
USB C
iPod/MP3
",No,None,Standard,Manual,"7' 10""",N/A,"Zoom Capable Room
Camera and Microphone
","Audio (ceiling mic)
Screen
Tracking camera
",Yes,Yes,"Ethernet
Wireless
"
Center Hall,212,CENTR 212,2,1774,146,Lecture Hall,Yes,Yes,Touchscreen,"VHS/DVD/CD combo deck
Blu-Ray Disc player, separate
","VGA with audio
HDMI
iPod/MP3
",Yes,Wired (,High Definition,Electric,14',N/A,"Zoom Capable Room
Camera and Microphone
","Audio (lapel or over-the-ear mic)
Screen
Tracking camera
",Yes,Yes,"Ethernet
Wireless
"
Center Hall,214,CENTR 214,2,1773,146,Lecture Hall,Yes,Yes,Touchscreen,"VHS/DVD/CD combo deck
Blu-Ray Disc player, separate
","VGA with audio
HDMI
iPod/MP3
",Yes,Wired (,High Definition,Electric,"9' 8""",N/A,"Zoom Capable Room
Camera and Microphone
","Audio (lapel or over-the-ear mic)
Screen
Tracking camera
",Yes,Yes,"Ethernet
Wireless
"
Center Hall,216,CENTR 216,2,1776,146,Lecture Hall,Yes,Yes,Touchscreen,"VHS/DVD/CD combo deck
Blu-Ray Disc/DVD/VHS/CD combo deck
","VGA with audio
HDMI
iPod/MP3
",Yes,Wired (,High Definition,Electric,11',N/A,"Zoom Capable Room
Camera and Microphone
","Audio (lapel or over-the-ear mic)
Screen
Tracking camera
",Yes,Yes,"Ethernet
Wireless
"
Center Hall,217A,CENTR 217A,2,482,35,Classroom,Yes,Yes,Touchscreen,"VHS/DVD/CD combo deck
","HDMI
USB C
iPod/MP3
",Yes,None,High Definition,Electric,"7' 10""",N/A,"Zoom Capable Room
Camera and Microphone
","Audio (ceiling mic)
Screen
Tracking camera
",Yes,Yes,"Ethernet
Wireless
"
Center Hall,217B,CENTR 217B,2,424,35,Classroom,Yes,Yes,Touchscreen,"VHS/DVD/CD combo deck
","HDMI
USB C
iPod/MP3
",Yes,None,High Definition,Electric,"7' 10""",N/A,"Zoom Capable Room
Camera and Microphone
","Audio (ceiling mic)
Screen
Tracking camera
",Yes,Yes,"Ethernet
Wireless
"
Center Hall,218,CENTR 218,2,463,32,Classroom,Yes,Yes,Touchscreen,"VHS/DVD/CD combo deck
","HDMI
USB C
iPod/MP3
",Yes,None,High Definition,Electric,"7' 10""",N/A,"Zoom Capable Room
Camera and Microphone
","Audio (ceiling mic)
Screen
Tracking camera
",Yes,Yes,"Ethernet
Wireless
"
Center Hall,220,CENTR 220,2,408,32,Classroom,Yes,Yes,Touchscreen,"VHS/DVD/CD combo deck
","HDMI
USB C
iPod/MP3
",Yes,None,High Definition,Electric,"7' 10""",N/A,"Not a Zoom Capable Room
","Audio (ceiling mic)
Screen
",Yes,Yes,"Ethernet
Wireless
"
Center Hall,222,CENTR 222,2,813,65,Classroom,Yes,Yes,Touchscreen,"VHS/DVD/CD combo deck
","HDMI
USB C
iPod/MP3
",Yes,None,High Definition,Electric,"7' 10""",N/A,"Zoom Capable Room
Camera and Microphone
","Audio (ceiling mic)
Screen
Tracking camera
",Yes,Yes,"Ethernet
Wireless
"
Center Hall,223,CENTR 223,2,323,15,Classroom,Yes,Yes,Touchscreen,"VHS/DVD/CD combo deck
","VGA with audio
HDMI
iPod/MP3
",Yes,None,High Definition,Electric,"6' 6""",N/A,"Not a Zoom Capable Room
","Audio (ceiling mic)
Screen
",Yes,Yes,"Ethernet
Wireless
"
Center Hall,224A,CENTR 224A,2,278,15,Classroom,Yes,Yes,Touchscreen,"VHS/DVD/CD combo deck
","VGA with audio
HDMI
iPod/MP3
",Yes,None,High Definition,Electric,"6' 6""",N/A,"Not a Zoom Capable Room
","Audio (ceiling mic)
Screen
",Yes,Yes,"Ethernet
Wireless
"
Center Hall,224B,CENTR 224B,2,364,15,Classroom,Yes,Yes,Pushbutton,"VHS/DVD/CD combo deck
","VGA with audio
iPod/MP3
",No,None,Standard,Manual,"7' 10""",N/A,"Not a Zoom Capable Room
",None,Yes,Yes,"Ethernet
Wireless
"
Center Hall,224C,CENTR 224C,2,294,15,Classroom,Yes,Yes,Pushbutton,"VHS/DVD/CD combo deck
","VGA with audio
iPod/MP3
",No,None,Standard,Manual,"7' 10""",N/A,"Not a Zoom Capable Room
",None,Yes,Yes,"Ethernet
Wireless
"
Coalition,B17,COA B17,B,1531,60,Classroom,Yes,Yes,Touchscreen with Annotation,"Blu-Ray Disc player, separate
VHS Player available upon request
","HDMI
USB C
iPod/MP3
Wireless Video
",Yes,"Wireless
",High Definition,Electric,12',"Wall 80 (4) WI
","Zoom Capable Room
Camera and Microphone
","Audio (lapel or over-the-ear mic)
Audio (audience ceiling mic)
Screen
Tracking camera
",Yes,No,"Ethernet
Wireless
"
Coalition,B21,COA B21,B,1350,60,Classroom,Yes,Yes,Touchscreen with Annotation,"Blu-Ray Disc player, separate
VHS Player available upon request
","HDMI
USB C
iPod/MP3
Wireless Video
",Yes,"Wireless
",High Definition,Electric,12',"Wall 80 (4) WI
","Zoom Capable Room
Camera and Microphone
","Audio (lapel or over-the-ear mic)
Audio (audience ceiling mic)
Screen
Tracking camera
",Yes,No,"Ethernet
Wireless
"
Coalition,B23,COA B23,B,1458,60,Classroom,Yes,Yes,Touchscreen with Annotation,"Blu-Ray Disc player, separate
VHS Player available upon request
","HDMI
USB C
iPod/MP3
Wireless Video
",Yes,"Wireless
",High Definition,Electric,12',"Wall 80 (3) WI
","Zoom Capable Room
Camera and Microphone
","Audio (lapel or over-the-ear mic)
Audio (audience ceiling mic)
Screen
Tracking camera
",Yes,No,"Ethernet
Wireless
"
Coalition,B26,COA B26,B,1512,60,Classroom,Yes,Yes,Touchscreen with Annotation,"Blu-Ray Disc player, separate
VHS Player available upon request
","HDMI
USB C
iPod/MP3
Wireless Video
",Yes,"Wireless
",High Definition,Electric,12',"Wall 80 (4) WI
","Zoom Capable Room
Camera and Microphone
","Audio (lapel or over-the-ear mic)
Audio (audience ceiling mic)
Screen
Tracking camera
",Yes,No,"Ethernet
Wireless
"
Coalition,B27,COA B27,B,1297,100,Lecture Hall,Yes,Yes,Touchscreen with Annotation,"Blu-Ray Disc player, separate
VHS Player available upon request
","HDMI
USB C
iPod/MP3
Wireless Video
",Yes,"Wireless
",High Definition,Electric,10',"Wall 80 (6) WI
","Zoom Capable Room
Camera and Microphone
","Audio (lapel or over-the-ear mic)
Audio (audience ceiling mic)
Screen
Tracking camera
",Yes,No,"Ethernet
Wireless
"
Coalition,B30,COA B30,B,1454,58,Classroom,Yes,Yes,Touchscreen with Annotation,"Blu-Ray Disc player, separate
VHS Player available upon request
","HDMI
USB C
Wireless Video
",Yes,"Wireless
",High Definition,Electric,10',"Wall 80 (4) WI
","Zoom Capable Room
Camera and Microphone
","Audio (lapel or over-the-ear mic)
Audio (audience ceiling mic)
Tracking camera
",Yes,No,"Ethernet
Wireless
"
Coalition,117,COA 117,1,1522,56,Classroom,Yes,Yes,Touchscreen with Annotation,"Blu-Ray Disc player, separate
VHS Player available upon request
","HDMI
USB C
iPod/MP3
Wireless Video
",Yes,"Wireless
",High Definition,Electric,12',"Wall 80 (4) WI
","Zoom Capable Room
Camera and Microphone
","Audio (lapel or over-the-ear mic)
Audio (audience ceiling mic)
Screen
Tracking camera
",Yes,No,"Ethernet
Wireless
"
Coalition,121,COA 121,1,1138,40,Classroom,Yes,Yes,Touchscreen with Annotation,"Blu-Ray Disc player, separate
VHS Player available upon request
","HDMI
USB C
iPod/MP3
",Yes,"Wireless
",High Definition,Electric,12',"Wall 80 (4) WI
","Zoom Capable Room
Camera and Microphone
","Audio (lapel or over-the-ear mic)
Audio (audience ceiling mic)
Screen
Tracking camera
",Yes,No,"Ethernet
Wireless
"
Coalition,122,COA 122,1,1080,40,Classroom,Yes,Yes,Touchscreen with Annotation,"Blu-Ray Disc player, separate
VHS Player available upon request
","HDMI
USB C
iPod/MP3
Wireless Video
",Yes,"Wireless
",High Definition,Electric,12',"Wall 80 (4) WI
","Zoom Capable Room
Camera and Microphone
","Audio (lapel or over-the-ear mic)
Audio (audience ceiling mic)
Screen
Tracking camera
",Yes,No,"Ethernet
Wireless
"
Coalition,123,COA 123,1,1451,60,Classroom,Yes,Yes,Touchscreen with Annotation,"Blu-Ray Disc player, separate
VHS Player available upon request
","HDMI
USB C
iPod/MP3
Wireless Video
",Yes,"Wireless
",High Definition,Electric,12',"Wall 80 (4) WI
","Zoom Capable Room
Camera and Microphone
","Audio (lapel or over-the-ear mic)
Audio (audience ceiling mic)
Screen
Tracking camera
",Yes,No,"Ethernet
Wireless
"
Coalition,124,COA 124,1,1062,40,Classroom,Yes,Yes,Touchscreen with Annotation,"Blu-Ray Disc player, separate
VHS Player available upon request
","HDMI
USB C
iPod/MP3
Wireless Video
",Yes,"Wireless
",High Definition,Electric,12',"Wall 80 (3) WI
","Zoom Capable Room
Camera and Microphone
","Audio (lapel or over-the-ear mic)
Audio (audience ceiling mic)
Screen
Tracking camera
",Yes,No,"Ethernet
Wireless
"
Coalition,125,COA 125,1,1379,110,Lecture Hall,Yes,Yes,Touchscreen with Annotation,"Blu-Ray Disc player, separate
VHS Player available upon request
","HDMI
USB C
iPod/MP3
Wireless Video
",Yes,"Wireless
",High Definition,Electric,12',"Wall 80 (3) WI
","Zoom Capable Room
Camera and Microphone
","Audio (lapel or over-the-ear mic)
Audio (audience ceiling mic)
Screen
Tracking camera
",Yes,No,"Ethernet
Wireless
"
Coalition,126,COA 126,1,1067,0,Classroom,Yes,Yes,Touchscreen with Annotation,"Blu-Ray Disc player, separate
VHS Player available upon request
","HDMI
USB C
iPod/MP3
Wireless Video
",Yes,"Wireless
",High Definition,Electric,12',"Wall 80 (3) WI
","Zoom Capable Room
Camera and Microphone
","Audio (lapel or over-the-ear mic)
Audio (audience ceiling mic)
Screen
Tracking camera
",Yes,No,"Ethernet
Wireless
"
Coalition,127,COA 127,1,1343,104,Lecture Hall,Yes,Yes,Touchscreen with Annotation,"Blu-Ray Disc player, separate
VHS Player available upon request
","HDMI
USB C
iPod/MP3
Wireless Video
",Yes,"Wireless
",High Definition,Electric,12',"Wall 80 (3) WI
","Zoom Capable Room
Camera and Microphone
","Audio (lapel or over-the-ear mic)
Audio (audience ceiling mic)
Screen
Tracking camera
",Yes,No,"Ethernet
Wireless
"
Coalition,128,COA 128,1,1244,0,Classroom,Yes,Yes,Touchscreen with Annotation,"Blu-Ray Disc player, separate
VHS Player available upon request
","HDMI
USB C
iPod/MP3
Wireless Video
",Yes,"Wireless
",High Definition,Electric,12',"Wall 80 (3) WI
","Zoom Capable Room
Camera and Microphone
","Audio (lapel or over-the-ear mic)
Audio (audience ceiling mic)
Screen
Tracking camera
",Yes,No,"Ethernet
Wireless
"
Coalition,130,COA 130,1,2398,140,Lecture Hall,Yes,Yes,Touchscreen with Annotation,"Blu-Ray Disc player, separate
VHS Player available upon request
","HDMI
USB C
iPod/MP3
Wireless Video
",Yes,"Wireless
",High Definition,Electric,16',N/A,"Zoom Capable Room
Camera and Microphone
","Audio (lapel or over-the-ear mic)
Audio (audience ceiling mic)
Screen
Tracking camera
",Yes,Yes,"Ethernet
Wireless
"
Cognitive Science Building,001,CSB 001,L,1468,120,Lecture Hall,Yes,Yes,Touchscreen,"VHS/DVD/CD combo deck
Blu-Ray Disc player, separate
","VGA with audio
HDMI
iPod/MP3
",Yes,Wired (,High Definition,Electric,"9' 2""",N/A,"Zoom Capable Room
Camera and Microphone
","Audio (lapel or over-the-ear mic)
Screen
Tracking camera
",Yes,Yes,"Ethernet
Wireless
"
Cognitive Science Building,002,CSB 002,L,1468,120,Lecture Hall,Yes,Yes,Touchscreen,"VHS/DVD/CD combo deck
Blu-Ray Disc player, separate
","VGA with audio
HDMI
iPod/MP3
",Yes,Wired (,High Definition,Electric,"9' 2""",N/A,"Zoom Capable Room
Camera and Microphone
","Audio (lapel or over-the-ear mic)
Screen
Tracking camera
",Yes,Yes,"Ethernet
Wireless
"
Cognitive Science Building,004,CSB 004,L,767,56,Classroom,Yes,Yes,Touchscreen,"VHS/DVD/CD combo deck
Blu-Ray Disc player, separate
","VGA with audio
HDMI
iPod/MP3
",Yes,None,High Definition,Electric,"6' 9""",N/A,"Zoom Capable Room
Camera and Microphone
","Audio (ceiling mic)
Screen
Tracking camera
",Yes,Yes,"Ethernet
Wireless
"
Cognitive Science Building,005,CSB 005,L,767,56,Classroom,Yes,Yes,Touchscreen,"VHS/DVD/CD combo deck
Blu-Ray Disc player, separate
","VGA with audio
HDMI
iPod/MP3
",Yes,None,High Definition,Electric,"6' 9""",N/A,"Zoom Capable Room
Camera and Microphone
","Audio (ceiling mic)
Screen
Tracking camera
",Yes,Yes,"Ethernet
Wireless
"
Copley International Conference Center,101,CICC 101,1,2618,288,Assembly,Yes,Yes,Pushbutton,"VHS/DVD/CD combo deck
","VGA with audio
iPod/MP3
",No,Wired (,Standard,Electric,12',N/A,"Not a Zoom Capable Room
","Audio (lapel or over-the-ear mic)
",Yes,Yes,"Ethernet
Wireless
"
Design and Innovation Building,121,DIB 121,1,1309,50,Classroom,Yes,No,Touchscreen,"Blu-Ray Disc player, separate
","HDMI
USB C
Wireless Video
",Yes,"Wireless
",High Definition,Electric,"9' 6""",N/A,"Zoom Capable Room
Camera and Microphone
","Audio (ceiling mic)
Audio (lapel or over-the-ear mic)
Audio (audience ceiling mic)
Screen
Tracking camera
",N,No,"Wireless
"
Design and Innovation Building,122,DIB 122,1,1393,50,Classroom,Yes,No,Touchscreen,"Blu-Ray Disc player, separate
","HDMI
USB C
Wireless Video
",Yes,"Wireless
",High Definition,Electric,"9' 6""",N/A,"Zoom Capable Room
Camera and Microphone
","Audio (ceiling mic)
Audio (lapel or over-the-ear mic)
Audio (audience ceiling mic)
Screen
Tracking camera
",N,No,"Wireless
"
Franklin Antonio Hall,1101,FAH 1101,1,2460,104,Lecture Hall,Yes,Yes,Touchscreen with Annotation,"Blu-Ray Disc/DVD/VHS/CD combo deck
","HDMI
USB C
Wireless Video
",Yes,"Wireless
",High Definition,Electric,10',N/A,"Zoom Capable Room
Camera and Microphone
","Audio (lapel or over-the-ear mic)
Audio (audience ceiling mic)
Screen
Tracking camera
",N,No,"Ethernet
Wireless
"
Franklin Antonio Hall,1301,FAH 1301,1,5877,245,Lecture Hall,Yes,Yes,Touchscreen with Annotation,"Blu-Ray Disc/DVD/VHS/CD combo deck
VHS Player available upon request
","HDMI
USB C
Wireless Video
",Yes,"Wireless
",High Definition,Electric,12',"Wall 80 (2) 
","Zoom Capable Room
Camera and Microphone
","Audio (lapel or over-the-ear mic)
Screen
Tracking camera
",Yes,Yes,"Ethernet
Wireless
"
Franklin Antonio Hall,1450,FAH 1450,1,2540,104,Lecture Hall,Yes,Yes,Touchscreen with Annotation,"Blu-Ray Disc/DVD/VHS/CD combo deck
","HDMI
USB C
Wireless Video
",No,"Wireless
",High Definition,Electric,10',N/A,"Zoom Capable Room
Camera and Microphone
","Audio (lapel or over-the-ear mic)
Audio (audience ceiling mic)
Screen
Tracking camera
",N,No,"Ethernet
Wireless
"
Humanities and Social Sciences,1106A,HSS 1106A,1,422,20,Classroom,Yes,Yes,Touchscreen,"VHS/DVD/CD combo deck
","VGA with audio
HDMI
iPod/MP3
",Yes,None,High Definition,Electric,"6' 8""",N/A,"Not a Zoom Capable Room
","Audio (ceiling mic)
Screen
",Yes,Yes,"Ethernet
Wireless
"
Humanities and Social Sciences,1106B,HSS 1106B,1,406,20,Classroom,Yes,Yes,Touchscreen,"VHS/DVD/CD combo deck
","VGA with audio
HDMI
iPod/MP3
",Yes,None,High Definition,Electric,"6' 8""",N/A,"Not a Zoom Capable Room
","Audio (ceiling mic)
Screen
",Yes,Yes,"Ethernet
Wireless
"
Humanities and Social Sciences,1128A,HSS 1128A,1,488,42,Classroom,Yes,Yes,Touchscreen,"VHS/DVD/CD combo deck
","VGA with audio
HDMI
iPod/MP3
",Yes,None,High Definition,Electric,8',N/A,"Not a Zoom Capable Room
","Audio (ceiling mic)
Screen
",Yes,Yes,"Ethernet
Wireless
"
Humanities and Social Sciences,1128B,HSS 1128B,1,406,15,Classroom,Yes,Yes,Touchscreen,"VHS/DVD/CD combo deck
","VGA with audio
HDMI
iPod/MP3
",Yes,None,High Definition,Electric,"6' 8""",N/A,"Not a Zoom Capable Room
","Audio (ceiling mic)
Screen
",Yes,Yes,"Ethernet
Wireless
"
Humanities and Social Sciences,1138,HSS 1138,1,299,15,Classroom,Yes,Yes,Touchscreen,"VHS/DVD/CD combo deck
","VGA with audio
HDMI
iPod/MP3
",Yes,None,High Definition,Electric,"6' 8""",N/A,"Not a Zoom Capable Room
","Audio (ceiling mic)
Screen
",Yes,Yes,"Ethernet
Wireless
"
Humanities and Social Sciences,1305,HSS 1305,1,410,32,Classroom,Yes,Yes,Touchscreen,"VHS/DVD/CD combo deck
","VGA with audio
HDMI
iPod/MP3
",Yes,None,High Definition,Electric,8',N/A,"Not a Zoom Capable Room
","Audio (ceiling mic)
Screen
",Yes,Yes,"Ethernet
Wireless
"
Humanities and Social Sciences,1315,HSS 1315,1,602,35,Classroom,Yes,Yes,Touchscreen,"VHS/DVD/CD combo deck
","VGA with audio
HDMI
iPod/MP3
",Yes,None,High Definition,Electric,"7' 10""",N/A,"Not a Zoom Capable Room
","Audio (ceiling mic)
Screen
",Yes,Yes,"Ethernet
Wireless
"
Humanities and Social Sciences,1330,HSS 1330,1,1529,145,Lecture Hall,Yes,Yes,Touchscreen,"VHS/DVD/CD combo deck
Blu-Ray Disc/DVD/VHS/CD combo deck
","VGA with audio
HDMI
iPod/MP3
",Yes,Wired (,High Definition,Electric,11',N/A,"Zoom Capable Room
Camera and Microphone
","Audio (lapel or over-the-ear mic)
Screen
Tracking camera
",Yes,Yes,"Ethernet
Wireless
"
Humanities and Social Sciences,2150,HSS 2150,2,463,36,Classroom,Yes,Yes,Touchscreen,"VHS/DVD/CD combo deck
","VGA with audio
HDMI
iPod/MP3
",Yes,None,High Definition,Electric,8',N/A,"Not a Zoom Capable Room
","Audio (lapel or over-the-ear mic)
Screen
",Yes,Yes,"Ethernet
Wireless
"
Humanities and Social Sciences,2152,HSS 2152,2,410,26,Classroom,Yes,Yes,Touchscreen,"VHS/DVD/CD combo deck
","VGA with audio
HDMI
iPod/MP3
",Yes,None,High Definition,Electric,8',N/A,"Not a Zoom Capable Room
","Audio (ceiling mic)
Screen
",Yes,Yes,"Ethernet
Wireless
"
Humanities and Social Sciences,2154,HSS 2154,2,467,37,Classroom,Yes,Yes,Touchscreen,"VHS/DVD/CD combo deck
","VGA with audio
HDMI
iPod/MP3
",Yes,None,High Definition,Electric,8',N/A,"Not a Zoom Capable Room
","Audio (ceiling mic)
Screen
",Yes,Yes,"Ethernet
Wireless
"
Humanities and Social Sciences,2250,LEDDN AUD,2,1888,216,Lecture Hall,Yes,Yes,Touchscreen,"VHS/DVD/CD combo deck
Blu-Ray Disc/DVD/VHS/CD combo deck
","VGA with audio
HDMI
iPod/MP3
",Yes,Wired (,High Definition,Electric,14',N/A,"Zoom Capable Room
Camera and Microphone
","Audio (lapel or over-the-ear mic)
Screen
Tracking camera
",Yes,Yes,"Ethernet
Wireless
"
Humanities and Social Sciences,2305A,HSS 2305A,2,423,20,Classroom,Yes,Yes,Touchscreen,"VHS/DVD/CD combo deck
","VGA with audio
HDMI
iPod/MP3
",Yes,None,High Definition,Electric,8',N/A,"Not a Zoom Capable Room
","Audio (ceiling mic)
Screen
",Yes,Yes,"Ethernet
Wireless
"
Humanities and Social Sciences,2305B,HSS 2305B,2,411,20,Classroom,Yes,Yes,Touchscreen,"VHS/DVD/CD combo deck
","VGA with audio
HDMI
iPod/MP3
",Yes,None,High Definition,Electric,8',N/A,"Not a Zoom Capable Room
","Audio (ceiling mic)
Screen
",Yes,Yes,"Ethernet
Wireless
"
Humanities and Social Sciences,2321,HSS 2321,2,413,32,Classroom,Yes,Yes,Touchscreen,"VHS/DVD/CD combo deck
","VGA with audio
HDMI
iPod/MP3
",Yes,None,High Definition,Electric,8',N/A,"Not a Zoom Capable Room
","Audio (ceiling mic)
Screen
",Yes,Yes,"Ethernet
Wireless
"
Humanities and Social Sciences,2333A,HSS 2333A,2,291,15,Classroom,Yes,Yes,Touchscreen,"VHS/DVD/CD combo deck
","VGA with audio
HDMI
iPod/MP3
",Yes,None,High Definition,Electric,"6' 8""",N/A,"Not a Zoom Capable Room
","Audio (ceiling mic)
Screen
",Yes,Yes,"Ethernet
Wireless
"
Humanities and Social Sciences,2333B,HSS 2333B,2,325,15,Classroom,Yes,Yes,Touchscreen,"VHS/DVD/CD combo deck
","VGA with audio
HDMI
iPod/MP3
",Yes,None,High Definition,Electric,"6' 8""",N/A,"Not a Zoom Capable Room
","Audio (ceiling mic)
Screen
",Yes,Yes,"Ethernet
Wireless
"
Mandeville Center,B104,MANDE B104,B1,864,42,Classroom,Yes,Yes,Touchscreen,"VHS/DVD/CD combo deck
","VGA with audio
HDMI
iPod/MP3
",Yes,None,High Definition,Electric,"7' 10""",N/A,"Zoom Capable Room
Camera and Microphone
","Audio (ceiling mic)
Screen
Tracking camera
",Yes,Yes,"Wireless
"
Mandeville Center,B146,MANDE B146,B1,483,20,Classroom,Yes,Yes,Touchscreen,"VHS/DVD/CD combo deck
","VGA with audio
HDMI
iPod/MP3
",Yes,None,High Definition,Electric,"7' 10""",N/A,"Not a Zoom Capable Room
","Audio (ceiling mic)
Screen
",Yes,Yes,"Wireless
"
Mandeville Center,B150,MANDE B150,B1,1630,68,Classroom,Yes,Yes,Touchscreen,"VHS/DVD/CD combo deck
","VGA with audio
HDMI
iPod/MP3
",Yes,None,High Definition,Electric,"7' 10""","Wall 65 (5) WI
","Zoom Capable Room
Camera and Microphone
","Audio (ceiling mic)
Screen
Tracking camera
",Yes,Yes,"Wireless
"
Mandeville Center,B152,MANDE B152,B1,601,20,Classroom,Yes,Yes,Touchscreen,"VHS/DVD/CD combo deck
","VGA with audio
HDMI
iPod/MP3
",Yes,None,High Definition,Electric,"7' 10""",N/A,"Not a Zoom Capable Room
","Audio (ceiling mic)
Screen
",Yes,Yes,"Wireless
"
Mandeville Center,B153,MANDE B153,B1,601,20,Classroom,Yes,Yes,Touchscreen,"VHS/DVD/CD combo deck
","VGA with audio
HDMI
iPod/MP3
",Yes,None,High Definition,Electric,"7' 10""",N/A,"Not a Zoom Capable Room
","Audio (ceiling mic)
Screen
",Yes,Yes,"Wireless
"
Mandeville Center,B202,MANDE B202,B2,3070,158,Lecture Hall,Yes,Yes,Touchscreen,"VHS/DVD/CD combo deck
Blu-Ray Disc player, separate
","VGA with audio
HDMI
iPod/MP3
",Yes,"Wireless
",High Definition,Electric,15',N/A,"Zoom Capable Room
Camera and Microphone
","Audio (lapel or over-the-ear mic)
Tracking camera
",Yes,Yes,"Ethernet
Wireless
"
Mandeville Center,135,MANDE AUD,1,7770,428,Assembly,Yes,Yes,None,None,None,No,None,None,N/A,N/A,N/A,"Not a Zoom Capable Room
",None,Yes,Yes,"Wireless
"
McGill Hall,2315,MCGIL 2315,2,480,22,Classroom,Yes,Yes,Touchscreen,"VHS/DVD/CD combo deck
","VGA with audio
HDMI
iPod/MP3
",Yes,None,High Definition,Electric,"6' 8""",N/A,"Not a Zoom Capable Room
","Audio (ceiling mic)
Screen
",Yes,Yes,"Ethernet
Wireless
"
McGill Hall,2322,MCGIL 2322,2,286,15,Classroom,Yes,Yes,Touchscreen,"VHS/DVD/CD combo deck
","VGA with audio
HDMI
iPod/MP3
",Yes,None,High Definition,Electric,"6' 8""",N/A,"Zoom Capable Room
Camera and Microphone
","Audio (ceiling mic)
Screen
Tracking camera
",Yes,Yes,"Ethernet
Wireless
"
McGill Hall,2330,MCGIL 2330,2,286,15,Classroom,Yes,Yes,Touchscreen,"VHS/DVD/CD combo deck
","VGA with audio
HDMI
iPod/MP3
",Yes,None,High Definition,Electric,"6' 8""",N/A,"Not a Zoom Capable Room
Zoom Capable Room
Camera and Microphone
","Audio (ceiling mic)
Screen
Tracking camera
",Yes,Yes,"Ethernet
Wireless
"
McGill Hall,2334,MCGIL 2334,2,286,15,Classroom,Yes,Yes,Touchscreen,"VHS/DVD/CD combo deck
","VGA with audio
HDMI
iPod/MP3
",Yes,None,High Definition,Electric,"6' 8""",N/A,"Zoom Capable Room
Camera and Microphone
","Audio (ceiling mic)
Screen
Tracking camera
",Yes,Yes,"Ethernet
Wireless
"
McGill Hall,2342,MCGIL 2342,2,286,15,Classroom,Yes,Yes,Touchscreen,"VHS/DVD/CD combo deck
","VGA with audio
HDMI
iPod/MP3
",Yes,None,High Definition,Electric,"6' 8""",N/A,"Zoom Capable Room
Camera and Microphone
","Audio (ceiling mic)
Screen
Tracking camera
",Yes,Yes,"Ethernet
Wireless
"
Mosaic,MO0113,MOS 0113,1,2684,500,Lecture Hall,Yes,Yes,Touchscreen with Annotation,"Blu-Ray Disc player, separate
VHS Player available upon request
","HDMI
USB C
iPod/MP3
Wireless Video
",Yes,"Wireless
",High Definition,Electric,"11' 6""",N/A,"Zoom Capable Room
Camera and Microphone
","Audio (lapel or over-the-ear mic)
Screen
Tracking camera
",Yes,Yes,"Ethernet
Wireless
"
Mosaic,MO0114,MOS 0114,1,2600,250,Lecture Hall,Yes,Yes,Touchscreen with Annotation,"Blu-Ray Disc player, separate
VHS Player available upon request
","HDMI
USB C
iPod/MP3
Wireless Video
",Yes,"Wireless
",High Definition,Electric,"11' 6""",N/A,"Zoom Capable Room
Camera and Microphone
","Audio (lapel or over-the-ear mic)
Screen
Tracking camera
",Yes,Yes,"Ethernet
Wireless
"
Mosaic,MO0204,MOS 0204,2,1998,75,Classroom,Yes,Yes,Touchscreen with Annotation,"Blu-Ray Disc player, separate
VHS Player available upon request
","HDMI
USB C
iPod/MP3
Wireless Video
",No,"Wireless
",High Definition,Electric,9',"Wall 80 (2) WI
","Zoom Capable Room
Camera and Microphone
","Audio (lapel or over-the-ear mic)
Audio (audience ceiling mic)
Screen
Tracking camera
",N,No,"Ethernet
Wireless
"
Pepper Canyon Hall,106,PCYNH 106,1,2010,192,Lecture Hall,Yes,Yes,Touchscreen,"VHS/DVD/CD combo deck
Blu-Ray Disc player, separate
","VGA with audio
HDMI
iPod/MP3
",Yes,Wired (,High Definition,Electric,16',N/A,"Zoom Capable Room
Camera and Microphone
","Audio (lapel or over-the-ear mic)
Screen
Tracking camera
",Yes,Yes,"Ethernet
Wireless
"
Pepper Canyon Hall,109,PCYNH 109,1,2003,193,Lecture Hall,Yes,Yes,Touchscreen,"VHS/DVD/CD combo deck
Blu-Ray Disc player, separate
","VGA with audio
HDMI
iPod/MP3
",Yes,Wired (,High Definition,Electric,16',N/A,"Zoom Capable Room
Camera and Microphone
","Audio (lapel or over-the-ear mic)
Screen
Tracking camera
",Yes,Yes,"Ethernet
Wireless
"
Pepper Canyon Hall,120,PCYNH 120,1,1507,56,Classroom,Yes,Yes,Touchscreen,"VHS/DVD/CD combo deck
","VGA with audio
HDMI
iPod/MP3
",Yes,Wired (,High Definition,Electric,14',N/A,"Zoom Capable Room
Camera and Microphone
","Audio (ceiling mic)
Screen
Tracking camera
",Yes,Yes,"Ethernet
Wireless
"
Pepper Canyon Hall,121,PCYNH 121,1,1578,60,Classroom,Yes,Yes,Touchscreen,"VHS/DVD/CD combo deck
Blu-Ray Disc player, separate
","VGA with audio
HDMI
iPod/MP3
",Yes,Wired (,High Definition,Electric,14',N/A,"Zoom Capable Room
Camera and Microphone
","Audio (lapel or over-the-ear mic)
Screen
Tracking camera
",Yes,Yes,"Ethernet
Wireless
"
Pepper Canyon Hall,122,PCYNH 122,1,1528,115,Lecture Hall,Yes,Yes,Touchscreen,"VHS/DVD/CD combo deck
Blu-Ray Disc player, separate
","VGA with audio
HDMI
iPod/MP3
",Yes,Wired (,High Definition,Electric,14',N/A,"Zoom Capable Room
Camera and Microphone
","Audio (lapel or over-the-ear mic)
Screen
Tracking camera
",Yes,Yes,"Ethernet
Wireless
"
Pepper Canyon Hall,240,PCYNH 240,2,994,0,Classroom,Yes,Yes,Touchscreen,"Blu-Ray Disc player, separate
VHS Player available upon request
","HDMI
USB C
",No,Wired (,High Definition,Electric,8',N/A,"Zoom Capable Room
Camera and Microphone
","Audio (ceiling mic)
Screen
Tracking camera
",N,No,"Wireless
"
Peterson Hall,102,PETER 102,1,956,70,Classroom,Yes,Yes,Touchscreen,"VHS/DVD/CD combo deck
Blu-Ray Disc/DVD/VHS/CD combo deck
","VGA with audio
HDMI
iPod/MP3
",Yes,None,High Definition,Electric,8',N/A,"Zoom Capable Room
Camera and Microphone
","Audio (ceiling mic)
Screen
Tracking camera
",Yes,Yes,"Ethernet
Wireless
"
Peterson Hall,103,PETER 103,1,956,70,Classroom,Yes,Yes,Touchscreen,"VHS/DVD/CD combo deck
","VGA with audio
HDMI
iPod/MP3
",Yes,None,High Definition,Electric,8',N/A,"Zoom Capable Room
Camera and Microphone
","Audio (ceiling mic)
Screen
Tracking camera
",Yes,Yes,"Ethernet
Wireless
"
Peterson Hall,104,PETER 104,1,1018,75,Classroom,Yes,Yes,Touchscreen,"VHS/DVD/CD combo deck
","VGA with audio
HDMI
iPod/MP3
",Yes,None,High Definition,Electric,"7' 10""",N/A,"Zoom Capable Room
Camera and Microphone
","Audio (ceiling mic)
Screen
Tracking camera
",Yes,Yes,"Ethernet
Wireless
"
Peterson Hall,108,PETER 108,1,3405,410,Lecture Hall,Yes,Yes,Touchscreen,"VHS/DVD/CD combo deck
Blu-Ray Disc player, separate
","VGA with audio
HDMI
iPod/MP3
",Yes,Wired (,High Definition,Electric,14',N/A,"Zoom Capable Room
Camera and Microphone
","Audio (lapel or over-the-ear mic)
Screen
Tracking camera
",Yes,Yes,"Ethernet
Wireless
"
Peterson Hall,110,PETER 110,1,2933,328,Lecture Hall,Yes,Yes,Touchscreen,"VHS/DVD/CD combo deck
Blu-Ray Disc player, separate
","VGA with audio
HDMI
iPod/MP3
",Yes,Wired (,High Definition,Electric,14',N/A,"Zoom Capable Room
Camera and Microphone
","Audio (lapel or over-the-ear mic)
Screen
Tracking camera
",Yes,Yes,"Ethernet
Wireless
"
Podemos,0132,PODEM 0132,1,1216,44,Classroom,Yes,Yes,Touchscreen,"Blu-Ray Disc player, separate
VHS Player available upon request
","HDMI
USB C
",Yes,"Wireless
",High Definition,Electric,12',"Wall 80 (2) 
","Zoom Capable Room
Camera and Microphone
","Audio (lapel or over-the-ear mic)
Audio (audience ceiling mic)
Screen
Tracking camera
",N,No,"Wireless
"
Podemos,0133,PODEM 0133,1,1234,46,Classroom,Yes,Yes,Touchscreen,"Blu-Ray Disc player, separate
VHS Player available upon request
","HDMI
USB C
",Yes,"Wireless
",High Definition,Electric,12',"Wall 80 (2) 
","Zoom Capable Room
Camera and Microphone
","Audio (lapel or over-the-ear mic)
Audio (audience ceiling mic)
Screen
Tracking camera
",N,No,"Wireless
"
Podemos,1A18,PODEM 1A18,1,2439,96,Lecture Hall,Yes,Yes,Touchscreen,"Blu-Ray Disc player, separate
VHS Player available upon request
","HDMI
USB C
",Yes,"Wireless
",High Definition,Electric,12',"Wall 80 (4) 
","Zoom Capable Room
Camera and Microphone
","Audio (lapel or over-the-ear mic)
Audio (audience ceiling mic)
Screen
Tracking camera
",Yes,No,"Wireless
"
Podemos,1A19,PODEM 1A19,1,2376,90,Lecture Hall,Yes,Yes,Touchscreen,"Blu-Ray Disc player, separate
VHS Player available upon request
","HDMI
USB C
",Yes,"Wireless
",High Definition,Electric,12',"Wall 80 (4) 
","Zoom Capable Room
Camera and Microphone
","Audio (lapel or over-the-ear mic)
Audio (audience ceiling mic)
Screen
Tracking camera
",Yes,No,"Wireless
"
Podemos,1A20,PODEM 1A20,1,2408,104,Lecture Hall,Yes,Yes,Touchscreen,"Blu-Ray Disc player, separate
VHS Player available upon request
","HDMI
USB C
",Yes,"Wireless
",High Definition,Electric,12',"Wall 80 (4) 
","Zoom Capable Room
Camera and Microphone
","Audio (lapel or over-the-ear mic)
Audio (audience ceiling mic)
Screen
Tracking camera
",Yes,No,"Wireless
"
Podemos,1A22,PODEM 1A22,1,1291,44,Classroom,Yes,Yes,Touchscreen,"Blu-Ray Disc player, separate
VHS Player available upon request
","HDMI
USB C
",Yes,"Wireless
",High Definition,Electric,11',"Wall 80 (2) 
","Zoom Capable Room
Camera and Microphone
","Audio (lapel or over-the-ear mic)
Audio (audience ceiling mic)
Screen
Tracking camera
",N,No,"Wireless
"
Podemos,1A23,PODEM 1A23,1,1238,46,Classroom,Yes,Yes,Touchscreen,"Blu-Ray Disc player, separate
VHS Player available upon request
","HDMI
USB C
",Yes,"Wireless
",High Definition,Electric,11',"Wall 80 (2) 
","Zoom Capable Room
Camera and Microphone
","Audio (lapel or over-the-ear mic)
Audio (audience ceiling mic)
Screen
Tracking camera
",N,No,"Wireless
"
Price Center West,1.402,PRICE THEATRE,1,4651,481,Assembly,Yes,Yes,Pushbutton,"VHS/DVD/CD combo deck
","VGA with audio
iPod/MP3
",Yes,Wired (,High Definition,Fixed screen with movable masking,29',N/A,"Not a Zoom Capable Room
","Audio (lapel or over-the-ear mic)
Screen
",Yes,Yes,"Ethernet
Wireless
"
Ridge Walk Academic Building,0103,RWAC 0103,01,1358,50,Classroom,Yes,Yes,Touchscreen with Annotation,"Blu-Ray Disc player, separate
VHS Player available upon request
","HDMI
USB C
iPod/MP3
Wireless Video
",Yes,"Wireless
",High Definition,Electric,8',"Wall 80 (2) WI
","Zoom Capable Room
Camera and Microphone
","Audio (lapel or over-the-ear mic)
Audio (audience ceiling mic)
Screen
Tracking camera
",N,No,"Ethernet
Wireless
"
Ridge Walk Academic Building,0115,RWAC 0115,01,1267,50,Classroom,Yes,Yes,Touchscreen with Annotation,"Blu-Ray Disc player, separate
VHS Player available upon request
","HDMI
USB C
iPod/MP3
Wireless Video
",Yes,"Wireless
",High Definition,Electric,9',"Wall 80 (2) WI
","Zoom Capable Room
Camera and Microphone
","Audio (lapel or over-the-ear mic)
Audio (audience ceiling mic)
Screen
Tracking camera
",N,No,"Ethernet
Wireless
"
Ridge Walk Academic Building,0121,RWAC 0121,01,1799,75,Classroom,Yes,Yes,Touchscreen with Annotation,"Blu-Ray Disc player, separate
VHS Player available upon request
","HDMI
USB C
iPod/MP3
Wireless Video
",Yes,"Wireless
",High Definition,Electric,"11' 6""","Wall 80 (2) WI
","Zoom Capable Room
Camera and Microphone
","Audio (lapel or over-the-ear mic)
Audio (audience ceiling mic)
Screen
Tracking camera
",N,No,"Ethernet
Wireless
"
Robinson Building 2 - Auditorium,2101,RBC 2101,1,2656,304,Assembly,Yes,Yes,Touchscreen,"VHS/DVD/CD combo deck
","VGA with audio
HDMI
iPod/MP3
",No,Wired (,High Definition,Electric,"9' 6""",N/A,"Zoom Capable Room
Camera and Microphone
","Audio (lapel or over-the-ear mic)
Screen
Tracking camera
",Yes,Yes,"Ethernet
Wireless
"
Social Sciences Building,106,SSB 106,1,393,20,Classroom,Yes,Yes,Touchscreen,"VHS/DVD/CD combo deck
","VGA with audio
HDMI
iPod/MP3
",Yes,None,High Definition,Electric,8',N/A,"Not a Zoom Capable Room
","Audio (ceiling mic)
Screen
",Yes,Yes,"Ethernet
Wireless
"
Solis Hall,104,SOLIS 104,1,1533,149,Lecture Hall,Yes,Yes,Touchscreen,"Blu-Ray Disc/DVD/VHS/CD combo deck
","VGA with audio
HDMI
iPod/MP3
",Yes,Wired (,High Definition,Electric,12',N/A,"Zoom Capable Room
Camera and Microphone
","Audio (lapel or over-the-ear mic)
Screen
Tracking camera
",Yes,Yes,"Ethernet
Wireless
"
Solis Hall,105,SOLIS 105,1,700,46,Classroom,Yes,Yes,Touchscreen,"Blu-Ray Disc player, separate
","VGA with audio
HDMI
",Yes,None,High Definition,Electric,N/A,N/A,"Not a Zoom Capable Room
","Audio (ceiling mic)
Screen
Tracking camera
",N,No,"Wireless
"
Solis Hall,107,SOLIS 107,1,3173,300,Lecture Hall,Yes,Yes,Touchscreen,"VHS/DVD/CD combo deck
Blu-Ray Disc player, separate
","VGA with audio
HDMI
iPod/MP3
",Yes,Wired (,High Definition,Electric,20',N/A,"Zoom Capable Room
Camera and Microphone
","Audio (lapel or over-the-ear mic)
Screen
Tracking camera
",Yes,Yes,"Ethernet
Wireless
"
Solis Hall,109,SOLIS 109,1,549,44,Classroom,Yes,Yes,Touchscreen,"VHS/DVD/CD combo deck
","VGA with audio
HDMI
iPod/MP3
",Yes,None,Widescreen,Electric,8',N/A,"Zoom Capable Room
Camera and Microphone
","Audio (lapel or over-the-ear mic)
Screen
Tracking camera
",Yes,Yes,"Ethernet
Wireless
"
Solis Hall,110,SOLIS 110,1,548,46,Classroom,Yes,Yes,Touchscreen,"VHS/DVD/CD combo deck
","VGA with audio
HDMI
iPod/MP3
",Yes,None,Widescreen,Electric,8',N/A,"Zoom Capable Room
Camera and Microphone
","Audio (lapel or over-the-ear mic)
Screen
Tracking camera
",Yes,Yes,"Ethernet
Wireless
"
Solis Hall,111,SOLIS 111,1,555,44,Classroom,Yes,Yes,Touchscreen,"VHS/DVD/CD combo deck
","VGA with audio
HDMI
iPod/MP3
",Yes,None,Widescreen,Electric,8',N/A,"Zoom Capable Room
Camera and Microphone
","Audio (lapel or over-the-ear mic)
Screen
Tracking camera
",Yes,Yes,"Ethernet
Wireless
"
Warren Lecture Hall,2001,WLH 2001,1,3639,395,Lecture Hall,Yes,Yes,Touchscreen,"VHS/DVD/CD combo deck
Blu-Ray Disc player, separate
","VGA with audio
HDMI
iPod/MP3
",Yes,Wired (,High Definition,Electric,20',N/A,"Zoom Capable Room
Camera and Microphone
","Audio (lapel or over-the-ear mic)
Screen
Tracking camera
",Yes,Yes,"Ethernet
Wireless
"
Warren Lecture Hall,2005,WLH 2005,1,2205,200,Lecture Hall,Yes,Yes,Touchscreen,"VHS/DVD/CD combo deck
Blu-Ray Disc player, separate
","VGA with audio
HDMI
iPod/MP3
",Yes,Wired (,High Definition,Electric,14',N/A,"Zoom Capable Room
Camera and Microphone
","Audio (lapel or over-the-ear mic)
Screen
Tracking camera
",Yes,Yes,"Ethernet
Wireless
"
Warren Lecture Hall,2110,WLH 2110,1,492,28,Classroom,Yes,Yes,Touchscreen,"VHS/DVD/CD combo deck
","VGA with audio
HDMI
iPod/MP3
",Yes,None,High Definition,Electric,"7' 10""",N/A,"Zoom Capable Room
Camera and Microphone
","Audio (ceiling mic)
Screen
Tracking camera
",Yes,Yes,"Ethernet
Wireless
"
Warren Lecture Hall,2111,WLH 2111,1,943,70,Classroom,Yes,Yes,Touchscreen,"VHS/DVD/CD combo deck
","VGA with audio
HDMI
iPod/MP3
",Yes,Wired (,High Definition,Electric,8',N/A,"Zoom Capable Room
Camera and Microphone
","Audio (ceiling mic)
Screen
Tracking camera
",Yes,Yes,"Ethernet
Wireless
"
Warren Lecture Hall,2112,WLH 2112,1,563,40,Classroom,Yes,Yes,Touchscreen,"VHS/DVD/CD combo deck
","VGA with audio
HDMI
iPod/MP3
",Yes,None,High Definition,Electric,"7' 10""",N/A,"Zoom Capable Room
Camera and Microphone
","Audio (ceiling mic)
Screen
Tracking camera
",Yes,Yes,"Ethernet
Wireless
"
Warren Lecture Hall,2113,WLH 2113,1,683,49,Classroom,Yes,Yes,Touchscreen,"VHS/DVD/CD combo deck
","VGA with audio
HDMI
iPod/MP3
",Yes,None,High Definition,Electric,"7' 10""",N/A,"Zoom Capable Room
Camera and Microphone
","Audio (ceiling mic)
Screen
Tracking camera
",Yes,Yes,"Ethernet
Wireless
"
Warren Lecture Hall,2114,WLH 2114,1,567,40,Classroom,Yes,Yes,Touchscreen,"VHS/DVD/CD combo deck
","VGA with audio
HDMI
iPod/MP3
",Yes,None,High Definition,Electric,"7' 10""",N/A,"Not a Zoom Capable Room
","Audio (lapel or over-the-ear mic)
Screen
Tracking camera
",Yes,Yes,"Ethernet
Wireless
"
Warren Lecture Hall,2115,WLH 2115,1,638,40,Classroom,Yes,Yes,Touchscreen,"VHS/DVD/CD combo deck
","VGA with audio
HDMI
iPod/MP3
",Yes,None,High Definition,Electric,8',N/A,"Zoom Capable Room
Camera and Microphone
","Audio (lapel or over-the-ear mic)
Screen
Tracking camera
",Yes,Yes,"Ethernet
Wireless
"
Warren Lecture Hall,2204,WLH 2204,2,868,75,Classroom,Yes,Yes,Touchscreen,"VHS/DVD/CD combo deck
","VGA with audio
HDMI
iPod/MP3
",Yes,None,High Definition,Electric,"7' 10""",N/A,"Zoom Capable Room
Camera and Microphone
","Audio (ceiling mic)
Screen
Tracking camera
",Yes,Yes,"Ethernet
Wireless
"
Warren Lecture Hall,2205,WLH 2205,2,953,70,Classroom,Yes,Yes,Touchscreen,"VHS/DVD/CD combo deck
","VGA with audio
HDMI
iPod/MP3
",Yes,None,High Definition,Electric,"7' 10""",N/A,"Zoom Capable Room
Camera and Microphone
","Audio (ceiling mic)
Screen
Tracking camera
",Yes,Yes,"Ethernet
Wireless
"
Warren Lecture Hall,2206,WLH 2206,2,565,40,Classroom,Yes,Yes,Touchscreen,"VHS/DVD/CD combo deck
","VGA with audio
HDMI
iPod/MP3
",Yes,None,High Definition,Electric,"7' 7""",N/A,"Zoom Capable Room
Camera and Microphone
","Audio (ceiling mic)
Screen
Tracking camera
",Yes,Yes,"Ethernet
Wireless
"
Warren Lecture Hall,2207,WLH 2207,2,739,50,Classroom,Yes,Yes,Touchscreen,"VHS/DVD/CD combo deck
","VGA with audio
HDMI
iPod/MP3
",Yes,None,High Definition,Electric,"7' 10""",N/A,"Zoom Capable Room
Camera and Microphone
","Audio (ceiling mic)
Screen
Tracking camera
",Yes,Yes,"Ethernet
Wireless
"
Warren Lecture Hall,2208,WLH 2208,2,560,40,Classroom,Yes,Yes,Touchscreen,"VHS/DVD/CD combo deck
","VGA with audio
HDMI
iPod/MP3
",Yes,"Wireless
",High Definition,Electric,"7' 7""",N/A,"Zoom Capable Room
Camera and Microphone
","Audio (ceiling mic)
Screen
Tracking camera
",Yes,Yes,"Ethernet
Wireless
"
Warren Lecture Hall,2209,WLH 2209,2,640,40,Classroom,Yes,Yes,Touchscreen,"VHS/DVD/CD combo deck
","VGA with audio
HDMI
iPod/MP3
",Yes,None,High Definition,Electric,"7' 10""",N/A,"Zoom Capable Room
Camera and Microphone
","Audio (ceiling mic)
Screen
Tracking camera
",Yes,Yes,"Ethernet
Wireless
"
York Hall,2622,YORK 2622,2,1773,192,Lecture Hall,Yes,Yes,Touchscreen,"VHS/DVD/CD combo deck
Blu-Ray Disc player, separate
","VGA with audio
HDMI
iPod/MP3
",Yes,Wired (,High Definition,Electric,14',N/A,"Zoom Capable Room
Camera and Microphone
","Audio (lapel or over-the-ear mic)
Screen
Tracking camera
",Yes,Yes,"Ethernet
Wireless
"
York Hall,2722,YORK 2722,2,3018,362,Lecture Hall,Yes,Yes,Touchscreen,"VHS/DVD/CD combo deck
Blu-Ray Disc player, separate
","VGA with audio
HDMI
iPod/MP3
",Yes,Wired (,High Definition,Electric,16',N/A,"Zoom Capable Room
Camera and Microphone
","Audio (lapel or over-the-ear mic)
Screen
Tracking camera
",Yes,Yes,"Ethernet
Wireless
"
York Hall,3000A,YORK 3000A,3,455,34,Classroom,Yes,Yes,Touchscreen,"VHS/DVD/CD combo deck
","VGA with audio
HDMI
iPod/MP3
",Yes,None,Widescreen,Electric,"6' 8""",N/A,"Not a Zoom Capable Room
","Audio (ceiling mic)
Screen
",Yes,Yes,"Ethernet
Wireless
"
York Hall,3050,YORK 3050A,3,1501,50,Class Laboratory,Yes,Yes,Touchscreen,"VHS/DVD/CD combo deck
","VGA with audio
HDMI
iPod/MP3
",Yes,None,Widescreen,Electric,"6' 8""",N/A,"Not a Zoom Capable Room
","Audio (lapel or over-the-ear mic)
Screen
",Yes,Yes,"Ethernet
Wireless
"
York Hall,4050A,YORK 4050A,4,538,25,Classroom,Yes,Yes,Touchscreen,"VHS/DVD/CD combo deck
Blu-Ray Disc/DVD/VHS/CD combo deck
","VGA with audio
HDMI
iPod/MP3
",Yes,None,Widescreen,Electric,"6' 8""",N/A,"Not a Zoom Capable Room
","Audio (lapel or over-the-ear mic)
Screen
",Yes,Yes,"Ethernet
Wireless
"
York Hall,4050B,YORK 4050B,4,252,20,Classroom,Yes,Yes,Touchscreen,"VHS/DVD/CD combo deck
Blu-Ray Disc/DVD/VHS/CD combo deck
","VGA with audio
HDMI
iPod/MP3
",Yes,None,Widescreen,Electric,"6' 8""",N/A,"Not a Zoom Capable Room
","Audio (lapel or over-the-ear mic)
Screen
",Yes,Yes,"Ethernet
Wireless
"
York Hall,4060A,YORK 4060A,4,304,15,Classroom,Yes,Yes,Touchscreen,"VHS/DVD/CD combo deck
","VGA with audio
HDMI
iPod/MP3
",Yes,None,High Definition,Electric,"5' 8""",N/A,"Not a Zoom Capable Room
","Audio (ceiling mic)
Screen
",Yes,Yes,"Ethernet
Wireless
"
York Hall,4060B,YORK 4060B,4,281,15,Classroom,Yes,Yes,Touchscreen,"VHS/DVD/CD combo deck
","VGA with audio
HDMI
iPod/MP3
",Yes,None,High Definition,Electric,"5' 8""",N/A,"Not a Zoom Capable Room
","Audio (ceiling mic)
Screen
",Yes,Yes,"Ethernet
Wireless
"
York Hall,4080A,YORK 4080A,4,669,50,Classroom,Yes,Yes,Touchscreen,"VHS/DVD/CD combo deck
","VGA with audio
HDMI
iPod/MP3
",Yes,None,High Definition,Electric,"5' 8""",N/A,"Zoom Capable Room
Camera and Microphone
","Audio (ceiling mic)
Screen
Tracking camera
",Yes,Yes,"Ethernet
Wireless
"
Asante House Meeting Rooms,123A,ASANT 123A,1,715,25,Open Lab - Restricted,No,Yes,None,None,None,No,None,N/A,Electric,"7' 10""",N/A,None,None,N,Yes,None
Asante House Meeting Rooms,123B,ASANT 123B,1,659,34,Open Lab - Restricted,No,Yes,None,None,None,No,None,N/A,Manual,"7' 10""",N/A,None,None,N,Yes,None
Asante House Meeting Rooms,123C,ASANT 123C,1,721,34,Open Lab - Restricted,No,Yes,None,None,None,No,None,N/A,Manual,"7' 10""",N/A,None,None,N,Yes,None
Asante House Meeting Rooms,123D,ASANT 123D,1,663,20,Open Lab - Restricted,No,Yes,None,None,None,No,"Wireless
",N/A,Manual,"7' 10""",N/A,None,None,N,Yes,None
Leichtag Family Foundation Biomedical Research Building,105,LEICHTAG 105,1,112,0,Conference Room Service,No,No,None,None,None,No,None,None,N/A,N/A,N/A,None,None,N,No,"Wireless
"
Robinson Building 3 - Library,3201,RBC 3201,2,1176,82,Lecture Hall,No,Yes,N/A,"VHS/DVD/CD combo deck
",None,No,Wired (,N/A,Manual,N/A,N/A,None,None,N,Yes,None
Robinson Building 3 - Library,3202,RBC 3202,2,771,50,Classroom,No,Yes,N/A,None,None,No,"Wireless
",N/A,Manual,N/A,N/A,None,None,N,Yes,None
